issuer_ticker,issuer_name,owner_name,officer_title,is_officer,is_director,transaction_code,shares,price,acquired_disposed,transaction_date,shares_owned_after,ticker,market_cap,filing_date,is_ceo,signal,trade_value_usd,is_one_off,allocation_pct_change,base_price,price_3m,price_1y,price_2y,return_3m_pct,return_1y_pct,return_2y_pct
BBAI,"BigBear.ai Holdings, Inc.",Ricker Sean Raymond,Chief Financial Officer,False,False,F,10069.0,3.6,D,2026-06-30,592893.0,BBAI,1565549569.945974,2026-07-02,False,NEUTRAL,36248.4,False,1.6699228143730451,3.6700000762939453,,,,,,
BBAI,"BigBear.ai Holdings, Inc.",Blankenship Carolyn,General Counsel and Secretary,False,False,F,9019.0,3.6,D,2026-06-30,771526.0,BBAI,1565549569.945974,2026-07-02,False,NEUTRAL,32468.4,False,1.1554747003696135,3.6700000762939453,,,,,,
BBAI,"BigBear.ai Holdings, Inc.",McAleenan Kevin,Chief Executive Officer,False,False,F,23562.0,3.6,D,2026-06-30,1428508.0,BBAI,1565549569.945974,2026-07-02,True,NEUTRAL,84823.2,False,1.6226490458448972,3.6700000762939453,,,,,,
BBAI,"BigBear.ai Holdings, Inc.","PANGIAM ULTIMATE HOLDINGS, LLC",,False,False,A,36070.0,0.0,A,2026-06-14,299506.0,BBAI,1565549569.945974,2026-06-15,False,NEUTRAL,0.0,False,13.69213015685024,4.050000190734863,,,,,,
BBAI,"BigBear.ai Holdings, Inc.",HAYES DOROTHY D,,False,False,A,36070.0,0.0,A,2026-06-14,240220.0,BBAI,1565549569.945974,2026-06-15,False,NEUTRAL,0.0,False,17.66838109233407,4.050000190734863,,,,,,
BBAI,"BigBear.ai Holdings, Inc.",Evangelista Anthony,,False,False,A,36070.0,0.0,A,2026-06-14,51162.0,BBAI,1565549569.945974,2026-06-15,False,NEUTRAL,0.0,False,239.0007951232441,4.050000190734863,,,,,,
BBAI,"BigBear.ai Holdings, Inc.",FULCHINO PAUL E,,False,False,A,36070.0,0.0,A,2026-06-14,440830.0,BBAI,1565549569.945974,2026-06-15,False,NEUTRAL,0.0,False,8.911453700958592,4.050000190734863,,,,,,
BBAI,"BigBear.ai Holdings, Inc.",Cannito Peter Anthony Jr,,False,False,A,36070.0,0.0,A,2026-06-14,479168.0,BBAI,1565549569.945974,2026-06-15,False,NEUTRAL,0.0,False,8.140411376264394,4.050000190734863,,,,,,
BBAI,"BigBear.ai Holdings, Inc.",Braden Pamela Joyce,,False,False,A,36070.0,0.0,A,2026-06-14,544757.0,BBAI,1565549569.945974,2026-06-15,False,NEUTRAL,0.0,False,7.090804364963131,4.050000190734863,,,,,,
BBAI,"BigBear.ai Holdings, Inc.",BATTLE SEAN BERNARD,,False,False,A,36070.0,0.0,A,2026-06-14,206819.0,BBAI,1565549569.945974,2026-06-15,False,NEUTRAL,0.0,False,21.124574668080047,4.050000190734863,,,,,,
BBAI,"BigBear.ai Holdings, Inc.",Ricker Sean Raymond,Chief Financial Officer,False,False,F,9759.0,4.2,D,2026-06-06,602962.0,BBAI,1565549569.945974,2026-06-09,False,NEUTRAL,40987.8,False,1.5927314389420306,4.199999809265137,,,,,,
BBAI,"BigBear.ai Holdings, Inc.",Ricker Sean Raymond,Chief Financial Officer,False,False,S,10000.0,4.33,D,2026-05-22,609256.0,BBAI,1565549569.945974,2026-05-26,False,SELL,43300.0,False,1.6148410350485098,4.179999828338623,,,,,,
BBAI,"BigBear.ai Holdings, Inc.",HAYES DOROTHY D,,False,False,S,15000.0,4.105,D,2026-05-08,204150.0,BBAI,1565549569.945974,2026-05-08,False,SELL,61575.00000000001,False,6.844626967830253,4.179999828338623,3.2699999809265137,,,-21.770332171850747,,
BBAI,"BigBear.ai Holdings, Inc.",Ricker Sean Raymond,Chief Financial Officer,False,False,F,4324.0,3.04,D,2026-03-31,629921.0,BBAI,1565549569.945974,2026-04-01,False,NEUTRAL,13144.960000000001,False,0.6817554730427516,3.5199999809265137,3.6700000762939453,,,4.261366368756336,,
BBAI,"BigBear.ai Holdings, Inc.",Ricker Sean Raymond,Chief Financial Officer,False,False,F,10665.0,3.52,D,2026-04-01,619256.0,BBAI,1565549569.945974,2026-04-01,False,NEUTRAL,37540.8,False,1.6930694483911473,3.4200000762939453,3.640000104904175,,,6.432749231065249,,
BBAI,"BigBear.ai Holdings, Inc.",Blankenship Carolyn,General Counsel and Secretary,False,False,F,5606.0,3.04,D,2026-03-31,791642.0,BBAI,1565549569.945974,2026-04-01,False,NEUTRAL,17042.24,False,0.7031689010195071,3.5199999809265137,3.6700000762939453,,,4.261366368756336,,
BBAI,"BigBear.ai Holdings, Inc.",Blankenship Carolyn,General Counsel and Secretary,False,False,F,13649.0,3.52,D,2026-04-01,777993.0,BBAI,1565549569.945974,2026-04-01,False,NEUTRAL,48044.48,False,1.7241379310344827,3.4200000762939453,3.640000104904175,,,6.432749231065249,,
BBAI,"BigBear.ai Holdings, Inc.",McAleenan Kevin,Chief Executive Officer,False,False,F,22392.0,3.04,D,2026-03-31,1491494.0,BBAI,1565549569.945974,2026-04-01,True,NEUTRAL,68071.68000000001,False,1.4791074096728551,3.5199999809265137,3.6700000762939453,,,4.261366368756336,,
BBAI,"BigBear.ai Holdings, Inc.",McAleenan Kevin,Chief Executive Officer,False,False,F,39424.0,3.52,D,2026-04-01,1452070.0,BBAI,1565549569.945974,2026-04-01,True,NEUTRAL,138772.48,False,2.6432556885914393,3.4200000762939453,3.640000104904175,,,6.432749231065249,,
BBAI,"BigBear.ai Holdings, Inc.",Ricker Sean Raymond,Chief Financial Officer,False,False,A,122107.0,0.0,A,2026-03-26,634245.0,BBAI,1565549569.945974,2026-03-27,False,NEUTRAL,0.0,False,23.84259711249702,3.319999933242798,3.4100000858306885,,,2.7108480240233934,,
BBAI,"BigBear.ai Holdings, Inc.",Blankenship Carolyn,General Counsel and Secretary,False,False,A,125923.0,0.0,A,2026-03-26,797248.0,BBAI,1565549569.945974,2026-03-27,False,NEUTRAL,0.0,False,18.757382787770453,3.319999933242798,3.4100000858306885,,,2.7108480240233934,,
BBAI,"BigBear.ai Holdings, Inc.",McAleenan Kevin,Chief Executive Officer,False,False,A,290730.0,0.0,A,2026-03-26,1513886.0,BBAI,1565549569.945974,2026-03-27,True,NEUTRAL,0.0,False,23.768840605777186,3.319999933242798,3.4100000858306885,,,2.7108480240233934,,
BBAI,"BigBear.ai Holdings, Inc.",Braden Pamela Joyce,,False,False,S,80000.0,4.0,D,2026-03-16,508687.0,BBAI,1565549569.945974,2026-03-16,False,SELL,320000.0,False,13.589564573364113,3.950000047683716,4.050000190734863,,,2.531649160606664,,
BBAI,"BigBear.ai Holdings, Inc.",HAYES DOROTHY D,,False,False,S,17000.0,3.98,D,2026-03-06,219150.0,BBAI,1565549569.945974,2026-03-06,False,SELL,67660.0,False,7.198814312936692,4.25,4.199999809265137,,,-1.176475076114425,,
BBAI,"BigBear.ai Holdings, Inc.",Ricker Sean Raymond,Chief Financial Officer,False,False,A,49999.0,0.0,A,2026-03-02,530863.0,BBAI,1565549569.945974,2026-03-04,False,NEUTRAL,0.0,False,10.3977423970187,4.099999904632568,5.340000152587891,,,30.24390919019906,,
BBAI,"BigBear.ai Holdings, Inc.",Ricker Sean Raymond,Chief Financial Officer,False,False,F,18725.0,3.96,D,2026-03-02,512138.0,BBAI,1565549569.945974,2026-03-04,False,NEUTRAL,74151.0,False,3.5272753987375274,4.099999904632568,5.340000152587891,,,30.24390919019906,,
BBAI,"BigBear.ai Holdings, Inc.",Blankenship Carolyn,General Counsel and Secretary,False,False,A,36143.0,0.0,A,2026-03-02,686400.0,BBAI,1565549569.945974,2026-03-04,False,NEUTRAL,0.0,False,5.558263886432595,4.099999904632568,5.340000152587891,,,30.24390919019906,,
BBAI,"BigBear.ai Holdings, Inc.",Blankenship Carolyn,General Counsel and Secretary,False,False,F,15075.0,3.96,D,2026-03-02,671325.0,BBAI,1565549569.945974,2026-03-04,False,NEUTRAL,59697.0,False,2.1962412587412588,4.099999904632568,5.340000152587891,,,30.24390919019906,,
BBAI,"BigBear.ai Holdings, Inc.",McAleenan Kevin,Chief Executive Officer,False,False,A,104311.0,0.0,A,2026-03-02,1269605.0,BBAI,1565549569.945974,2026-03-04,True,NEUTRAL,0.0,False,8.951474906761728,4.099999904632568,5.340000152587891,,,30.24390919019906,,
BBAI,"BigBear.ai Holdings, Inc.",McAleenan Kevin,Chief Executive Officer,False,False,F,46449.0,3.96,D,2026-03-02,1223156.0,BBAI,1565549569.945974,2026-03-04,True,NEUTRAL,183938.04,False,3.6585394669995788,4.099999904632568,5.340000152587891,,,30.24390919019906,,
BBAI,"BigBear.ai Holdings, Inc.",McAleenan Kevin,Chief Executive Officer,False,False,F,48691.0,6.26,D,2026-01-15,1165294.0,BBAI,1565549569.945974,2026-02-04,True,NEUTRAL,304805.66,False,4.01084033163507,6.170000076293945,3.75,,,-39.222042890922225,,
BBAI,"BigBear.ai Holdings, Inc.",Ricker Sean Raymond,Chief Financial Officer,False,False,F,6625.0,5.5,D,2025-12-31,480864.0,BBAI,1565549569.945974,2026-01-02,False,NEUTRAL,36437.5,False,1.359005023703099,5.400000095367432,3.4200000762939453,,,-36.666666372322744,,
BBAI,"BigBear.ai Holdings, Inc.",Blankenship Carolyn,General Counsel and Secretary,False,False,F,5945.0,5.5,D,2025-12-31,650257.0,BBAI,1565549569.945974,2026-01-02,False,NEUTRAL,32697.5,False,0.905971027214181,5.400000095367432,3.4200000762939453,,,-36.666666372322744,,
BBAI,"BigBear.ai Holdings, Inc.",McAleenan Kevin,Chief Executive Officer,False,False,F,4663.0,5.5,D,2025-12-31,1213985.0,BBAI,1565549569.945974,2026-01-02,True,NEUTRAL,25646.5,False,0.3826371519913872,5.400000095367432,3.4200000762939453,,,-36.666666372322744,,
BBAI,"BigBear.ai Holdings, Inc.",FULCHINO PAUL E,,False,False,A,18650.0,0.0,A,2025-12-19,404760.0,BBAI,1565549569.945974,2025-12-23,False,NEUTRAL,0.0,False,4.830229727279791,6.260000228881836,3.5799999237060547,,,-42.811504907156916,,
BBAI,"BigBear.ai Holdings, Inc.",Ricker Sean Raymond,Chief Financial Officer,False,False,F,1227.0,6.82,D,2025-12-07,487489.0,BBAI,1565549569.945974,2025-12-09,False,NEUTRAL,8368.140000000001,False,0.2510660588153447,6.559999942779541,4.25,,,-35.213414069036865,,
BBAI,"BigBear.ai Holdings, Inc.",Ricker Sean Raymond,Chief Financial Officer,False,False,S,5000.0,7.0591,D,2025-12-04,488716.0,BBAI,1565549569.945974,2025-12-08,False,SELL,35295.5,False,1.0127279650649361,7.019999980926514,4.039999961853027,,,-42.45014283718246,,
BBAI,"BigBear.ai Holdings, Inc.",HAYES DOROTHY D,,False,False,S,22000.0,6.085,D,2025-11-18,236150.0,BBAI,1565549569.945974,2025-11-19,False,SELL,133870.0,False,8.52217702885919,5.980000019073486,3.940000057220459,,,-34.11371162786544,,
BBAI,"BigBear.ai Holdings, Inc.",Ricker Sean Raymond,Chief Financial Officer,False,False,A,200000.0,0.0,A,2025-10-14,489720.0,BBAI,1565549569.945974,2025-10-14,False,NEUTRAL,0.0,False,69.03216899074968,8.90999984741211,6.090000152587891,,,-31.649828766756727,,
BBAI,"BigBear.ai Holdings, Inc.",Ricker Sean Raymond,Chief Financial Officer,False,False,F,6625.0,6.46,D,2025-09-30,289720.0,BBAI,1565549569.945974,2025-10-01,False,NEUTRAL,42797.5,False,2.2355700281766184,6.519999980926514,5.5,,,-15.644171532368134,,
BBAI,"BigBear.ai Holdings, Inc.",Blankenship Carolyn,General Counsel and Secretary,False,False,F,5945.0,6.46,D,2025-09-30,652980.0,BBAI,1565549569.945974,2025-10-01,False,NEUTRAL,38404.7,False,0.9022271123420723,6.519999980926514,5.5,,,-15.644171532368134,,
BBAI,"BigBear.ai Holdings, Inc.",McAleenan Kevin,Chief Executive Officer,False,False,F,3132.0,6.46,D,2025-09-30,1218648.0,BBAI,1565549569.945974,2025-10-01,True,NEUTRAL,20232.72,False,0.25634729656730343,6.519999980926514,5.5,,,-15.644171532368134,,
BBAI,"BigBear.ai Holdings, Inc.",Ricker Sean Raymond,Chief Financial Officer,False,False,S,2.0,5.4,D,2025-08-26,308323.0,BBAI,1565549569.945974,2025-08-27,False,SELL,10.8,False,0.0006486661801670316,5.349999904632568,6.190000057220459,,,15.700937711429376,,
BBAI,"BigBear.ai Holdings, Inc.",Ricker Sean Raymond,Chief Financial Officer,False,False,S,11978.0,5.35,D,2025-08-27,296345.0,BBAI,1565549569.945974,2025-08-27,False,SELL,64082.299999999996,False,3.8848869529681536,5.130000114440918,6.019999980926514,,,17.348924885600916,,
BBAI,"BigBear.ai Holdings, Inc.",Evangelista Anthony,,False,False,A,15092.0,0.0,A,2025-08-12,15092.0,BBAI,1565549569.945974,2025-08-15,False,NEUTRAL,0.0,False,,5.96999979019165,6.059999942779541,3.259999990463257,,1.5075402973339314,-45.39363308154147,
BBAI,"BigBear.ai Holdings, Inc.",HAYES DOROTHY D,,False,False,S,30000.0,5.83,D,2025-08-14,258150.0,BBAI,1565549569.945974,2025-08-14,False,SELL,174900.0,False,10.41124414367517,5.840000152587891,6.340000152587891,3.265000104904175,,8.561643611917269,-44.0924654178759,
WOLF,"WOLFSPEED, INC.",Feurle Robert A.,CEO and Director,False,False,F,8247.0,35.1,D,2026-07-15,279773.0,WOLF,1612694329.7164097,2026-07-16,True,NEUTRAL,289469.7,False,2.8633428234150404,35.099998474121094,,,,,,
WOLF,"WOLFSPEED, INC.",Emerson David Todd,Chief Operating Officer,False,False,F,3299.0,35.1,D,2026-07-15,123810.0,WOLF,1612694329.7164097,2026-07-16,False,NEUTRAL,115794.90000000001,False,2.5954102384567577,35.099998474121094,,,,,,
WOLF,"WOLFSPEED, INC.",KOHN BRADLEY D,EVP Chief Legal/Global Affairs,False,False,A,38775.0,0.0,A,2026-07-01,38929.0,WOLF,1612694329.7164097,2026-07-02,False,NEUTRAL,0.0,False,25178.571428571428,44.560001373291016,,,,,,
WOLF,"WOLFSPEED, INC.",Feurle Robert A.,CEO and Director,False,False,F,29307.0,36.76,D,2026-05-01,288020.0,WOLF,1612694329.7164097,2026-05-05,True,NEUTRAL,1077325.3199999998,True,9.235583483283804,36.7599983215332,23.6200008392334,,,-35.74537019116968,,
WOLF,"WOLFSPEED, INC.",ABATE ANTHONY,,False,False,A,31732.0,0.0,A,2025-12-17,31732.0,WOLF,1612694329.7164097,2025-12-19,False,NEUTRAL,0.0,False,,17.149999618530273,16.780000686645508,,,-2.157428222243152,,
WOLF,"WOLFSPEED, INC.",Bokan Michael W,,False,False,A,31732.0,0.0,A,2025-12-17,31732.0,WOLF,1612694329.7164097,2025-12-19,False,NEUTRAL,0.0,False,,17.149999618530273,16.780000686645508,,,-2.157428222243152,,
WOLF,"WOLFSPEED, INC.",HOU HONG Q,,False,False,A,31732.0,0.0,A,2025-12-17,31732.0,WOLF,1612694329.7164097,2025-12-19,False,NEUTRAL,0.0,False,,17.149999618530273,16.780000686645508,,,-2.157428222243152,,
WOLF,"WOLFSPEED, INC.",Jensen Mark Edwin,,False,False,A,31732.0,0.0,A,2025-12-17,31732.0,WOLF,1612694329.7164097,2025-12-19,False,NEUTRAL,0.0,False,,17.149999618530273,16.780000686645508,,,-2.157428222243152,,
WOLF,"WOLFSPEED, INC.",Musser Eric S,,False,False,A,31732.0,0.0,A,2025-12-17,31732.0,WOLF,1612694329.7164097,2025-12-19,False,NEUTRAL,0.0,False,,17.149999618530273,16.780000686645508,,,-2.157428222243152,,
WOLF,"WOLFSPEED, INC.",Walsh Paul V Jr,,False,False,A,31732.0,0.0,A,2025-12-17,31732.0,WOLF,1612694329.7164097,2025-12-19,False,NEUTRAL,0.0,False,,17.149999618530273,16.780000686645508,,,-2.157428222243152,,
WOLF,"WOLFSPEED, INC.",van Issum Gregor,CFO &amp; Executive Vice President,False,False,A,172263.0,0.0,A,2025-12-08,172263.0,WOLF,1612694329.7164097,2025-12-10,False,NEUTRAL,0.0,False,,22.90999984741211,17.760000228881836,,,-22.479265180405537,,
WOLF,"WOLFSPEED, INC.",Feurle Robert A.,CEO and Director,False,False,A,317327.0,0.0,A,2025-12-08,317327.0,WOLF,1612694329.7164097,2025-12-10,True,NEUTRAL,0.0,False,,22.90999984741211,17.760000228881836,,,-22.479265180405537,,
WOLF,"WOLFSPEED, INC.",Emerson David Todd,Chief Operating Officer,False,False,A,126931.0,0.0,A,2025-12-08,127109.0,WOLF,1612694329.7164097,2025-12-10,False,NEUTRAL,0.0,False,71309.55056179776,22.90999984741211,17.760000228881836,,,-22.479265180405537,,
WOLF,"WOLFSPEED, INC.",CITIGROUP INC,,False,False,P,116002.0,26.12,A,2025-10-30,2701627.0,WOLF,1612694329.7164097,2025-11-04,False,STRONG_BUY,3029972.24,True,4.486420111191685,26.15999984741211,17.329999923706055,,,-33.75382253520757,,
WOLF,"WOLFSPEED, INC.",CITIGROUP INC,,False,False,P,24773.0,26.67,A,2025-10-31,2726400.0,WOLF,1612694329.7164097,2025-11-04,False,NOTABLE_BUY,660695.91,False,0.9169659616223853,26.31999969482422,15.65999984741211,,,-40.501519646705695,,
WOLF,"WOLFSPEED, INC.",CITIGROUP INC,,False,False,P,53530.0,27.46,A,2025-10-31,2779930.0,WOLF,1612694329.7164097,2025-11-04,False,STRONG_BUY,1469933.8,True,1.963394953051643,26.31999969482422,15.65999984741211,,,-40.501519646705695,,
WOLF,"WOLFSPEED, INC.",CITIGROUP INC,,False,False,S,194423.0,26.18,D,2025-10-31,2585507.0,WOLF,1612694329.7164097,2025-11-04,False,SELL,5089994.14,True,6.993809196634447,26.31999969482422,15.65999984741211,,,-40.501519646705695,,
WOLF,"WOLFSPEED, INC.",Emerson David Todd,Chief Operating Officer,False,False,J,21300.0,,D,2025-09-29,0.0,WOLF,1612694329.7164097,2025-10-01,False,NEUTRAL,,False,,22.100000381469727,17.309999465942383,,,-21.674211913333874,,
WOLF,"WOLFSPEED, INC.",Emerson David Todd,Chief Operating Officer,False,False,J,178.0,,A,2025-09-29,178.0,WOLF,1612694329.7164097,2025-10-01,False,NEUTRAL,,False,,22.100000381469727,17.309999465942383,,,-21.674211913333874,,
WOLF,"WOLFSPEED, INC.",Speirits Kevin,Interim CFO,False,False,F,3493.0,1.52,D,2025-08-01,29662.0,WOLF,1612694329.7164097,2025-08-04,False,NEUTRAL,5309.36,False,10.535364198461771,22.100000381469727,26.31999969482422,23.6200008392334,,19.0950191878406,6.877830006908736,
WOLF,"WOLFSPEED, INC.",Hodge John C,,False,False,A,3048.0,3.28,A,2025-05-12,50688.0,WOLF,1612694329.7164097,2025-05-12,False,NEUTRAL,9997.439999999999,False,6.397984886649874,22.100000381469727,,53.720001220703125,,,143.07692440469793,
WOLF,"WOLFSPEED, INC.",WERNER THOMAS H,,False,False,A,22500.0,0.0,A,2025-04-30,263835.0,WOLF,1612694329.7164097,2025-05-01,False,NEUTRAL,0.0,False,9.323140033563304,22.100000381469727,,29.530000686645508,,,33.61991030283258,
WOLF,"WOLFSPEED, INC.",Reynolds Neill,Executive Vice President &amp; CFO,False,False,S,13909.0,3.99,D,2025-04-28,195257.0,WOLF,1612694329.7164097,2025-04-30,False,SELL,55496.91,False,6.649742309935649,22.100000381469727,,25.850000381469727,,,16.9683254989637,
WOLF,"WOLFSPEED, INC.",WERNER THOMAS H,Executive Chair,False,False,A,22500.0,0.0,A,2025-03-31,241335.0,WOLF,1612694329.7164097,2025-04-01,False,NEUTRAL,0.0,False,10.281719103434094,22.100000381469727,,16.31999969482422,,,-26.153848809395896,
WOLF,"WOLFSPEED, INC.",WERNER THOMAS H,Executive Chair,False,False,A,36947.0,0.0,A,2025-02-28,218835.0,WOLF,1612694329.7164097,2025-03-03,False,NEUTRAL,0.0,False,20.31304978888107,22.100000381469727,,19.719999313354492,,,-10.769235416442813,
WOLF,"WOLFSPEED, INC.",WERNER THOMAS H,Executive Chair,False,False,A,34201.0,0.0,A,2025-01-31,181888.0,WOLF,1612694329.7164097,2025-02-03,False,NEUTRAL,0.0,False,23.157759315308727,22.100000381469727,,15.65999984741211,,,-29.140273406770568,
WOLF,"WOLFSPEED, INC.",Hodge John C,,False,False,A,1642.0,6.09,A,2025-02-03,47640.0,WOLF,1612694329.7164097,2025-02-03,False,NEUTRAL,9999.78,False,3.5697204226270705,22.100000381469727,,17.0,,,-23.07692440469795,
WOLF,"WOLFSPEED, INC.",SEIFERT THOMAS J,,False,False,A,1642.0,6.09,A,2025-02-03,20476.0,WOLF,1612694329.7164097,2025-02-03,False,NEUTRAL,9999.78,False,8.718275459275777,22.100000381469727,,17.0,,,-23.07692440469795,
WOLF,"WOLFSPEED, INC.",WERNER THOMAS H,Executive Chair,False,False,A,39138.0,0.0,A,2024-12-31,147687.0,WOLF,1612694329.7164097,2025-01-02,False,NEUTRAL,0.0,False,36.05560622391731,22.100000381469727,,17.40999984741211,,,-21.221721507254177,
WOLF,"WOLFSPEED, INC.",SEIFERT THOMAS J,,False,False,A,18834.0,0.0,A,2024-12-05,18834.0,WOLF,1612694329.7164097,2024-12-09,False,NEUTRAL,0.0,False,,22.100000381469727,,22.06999969482422,,,-0.1357497109849004,
WOLF,"WOLFSPEED, INC.",Young George Haywood III,,False,False,A,18834.0,0.0,A,2024-12-05,33834.0,WOLF,1612694329.7164097,2024-12-09,False,NEUTRAL,0.0,False,125.56,22.100000381469727,,22.06999969482422,,,-0.1357497109849004,
